<meta>
	<info author="admins" version="1" name="" type="script"/>
	
	<script src="s_exports.lua" type="server"/>
	<script src="adminTable.lua" type="server"/>
	<script src="s_teams.lua" type="server"/>
	<script src="c_hacks.lua" type="client"/>
	<script src="s_hacks.lua" type="server"/>
	
	<script src="GUI/s_panel.lua" type="server"/>
	<script src="GUI/actions_s.lua" type="server"/>
	<script src="GUI/resources.lua" type="server"/>
	<script src="GUI/c_panel.lua" type="client"/>
	<script src="GUI/c_input_box.lua" type="client"/>
	
	<script src="permissions/permissions.lua" type="server"/>
	<script src="permissions/permissions_c.lua" type="client"/>
	
	<script src="setjob/setjob.slua" type="server"/>
	<script src="setjob/setjob.lua" type="client"/>
	
	<script src="punishments/ban.lua" type="server"/>
	<script src="punishments/ban_c.lua" type="client"/>
	<script src="punishments/punishments.lua" type="server"/>
	<script src="punishments/punishments_c.lua" type="client"/>
	<script src="punishments/mutes.lua" type="server"/>
	<script src="punishments/mutes_c.lua" type="client"/>
	
	<script src="warp/client.lua" type="client"/>
	<script src="warp/server.lua" type="server"/>

	<export function="setPlayerAdminRank" type="server"/>
	<export function="getPlayerAdminRank" type="server"/>
	<export function="isPlayerAdmin" type="server"/>
	<export function="isPlayerDeveloper" type="server"/>
	<export function="isPlayerOwner" type="server"/>
	
	<export function="createInputBox" type="client"/>
	
	<export function="isAdminOnDuty" type="server"/>
	<export function="getOnlineAdmins" type="server"/>
	<export function="isAccountBanned" type="server"/>
	<export function="isSerialBanned" type="server"/>
	<export function="addBan" type="server"/>
	<export function="removeBan" type="server"/>
	<export function="punish" type="server"/>
	
	<export function="canAdminDoAction" type="server"/>
	<export function="getRankPerms" type="server"/>
	
	<export function="getPunishmentLog" type="server"/>
	
	<oop>true</oop>
</meta>
