<meta>
	<script src="server.lua" type="server"/>
	<script src="client.lua" type="client"/>
	<script src="money.lua" type="client"/>
	<script src="bar_c.lua" type="client"/>
	<script src="bar_s.lua" type="server"/>
	<script src="setting.lua" type="client"/>
	<script src="shout.lua" type="client"/>

	<export function="new" type="client"/>
	<export function="new" type="server"/>
	<export function="shout" type="client"/>
	<export function="shout" type="server"/>
	<export function="add" type="client"/>
	<export function="add" type="server"/>
	<export function="del" type="client"/>
	<export function="del" type="server"/>
	<export function="isText" type="client"/>

	<oop>true</oop>
</meta>
