<meta>	<min_mta_version server="1.5" client="1.5"/>
	<info author="Noki" description="UCDhousing" type="script" version="Alpha"/>	
	<script src="server.lua" type="server"/>	<script src="client.lua" type="client"/>	<script src="housingData_s.lua" type="server"/>	<script src="housingData_c.lua" type="client"/>		<script src="make/make.lua" type="server"/>	<script src="make/c_make.lua" type="client"/>		<script src="rob/rob_s.lua" type="server"/>	<script src="rob/rob_c.lua" type="client"/>		<script src="exports/client.lua" type="client"/>	<script src="exports/server.lua" type="server"/>		<export function="isPlayerInHouse" type="server"/>	<export function="isPlayerInHouse" type="client"/>	<export function="getHouseData" type="server"/>	<export function="getHouseData" type="client"/>	<export function="setHouseData" type="server"/>	<export function="stopRobbing" type="server"/>		<export function="getHouseCount" type="server"/>		<include resource="UCDmarket"/>	<oop>true</oop></meta>