<meta>
	<min_mta_version server="1.5.2" client="1.5.2"/>
	<info author="Noki" version="4" name="UCDaccounts" type="script" />

	<script src="accountData.slua" type="server" />
	<script src="accountHandling.lua" type="server" />
	<script src="login/accountMisc.lua" type="server" />
	<script src="exports/s_exports.lua" type="server" />	
	<script src="exports/c_exports.lua" type="client" />
	<script src="misc.lua" type="server" />
	
	<!-- This needs to start after s_exports.lua -->
	<script src="weapons.lua" type="server" />
	
	<!-- Login panel and handling -->
	<script src="login/server.lua" type="server" />
	<script src="login/client.lua" type="client" />
	
	<export function="createGameAccount" type="server" http="true"/>
	<export function="changeGamePassword" type="server" http="true"/>
	
	<export function="isPlayerLoggedIn" type="client" />
	<export function="isPlayerLoggedIn" type="server" />
	<export function="getPlayerAccountID" type="server" />
	<export function="getPlayerAccountName" type="server" />
	<export function="registerAccount" type="server" />
	<export function="deleteAccount" type="server" />
	<export function="changePassword" type="server" />
	<export function="getPlayerFromID" type="server" />
	<export function="getAccountEmail" type="server" />
	<export function="getAllLoggedInPlayers" type="server" />
	<export function="getLoggedInPlayers" type="server" />
	
	<export function="isLoginWindowOpen" type="client" />
		
	<export function="getPlayerWeaponString" type="server" />
	<export function="getOwnedWeapons" type="server" />
	<export function="setOwnedWeapon" type="server" />
	
	<!-- Functions from accountData.slua -->
	<export function="GAD" type="server" />
	<export function="SAD" type="server" />
	
	<oop>true</oop>
</meta>
