<meta>
	<script src="serverExports.lua" type="server"/>
	<script src="clientExports.lua" type="client"/>
	<script src="smoothMoveCamera.lua" type="client"/>
	<script src="confirmation_c.lua" type="client"/>
	<script src="c_input_box.lua" type="client"/>
	
	<export function="getPlayerFromSerial" type="server"/>
	<export function="getCityZoneFromXYZ" type="server"/>
	<export function="getCityZoneFromXYZ" type="client"/>
	<export function="getElementCityZone" type="server"/>
	<export function="getElementCityZone" type="client"/>
	<export function="getPlayerCityZone" type="server"/>
	<export function="getPlayerCityZone" type="client"/>
	<export function="tocomma" type="server"/>
	<export function="tocomma" type="client"/>
	<export function="secondsToHoursMinutes" type="server"/>
	<export function="secondsToHoursMinutes" type="client"/>
	<export function="getElementSpeed" type="client"/>
	<export function="getElementSpeed" type="server"/>
	<export function="getTimeStamp" type="client"/>
	<export function="getTimeStamp" type="server"/>
	<export function="mathround" type="client"/>
	<export function="mathround" type="server"/>
	<export function="formatMil" type="client"/>
	<export function="formatMil" type="server"/>
	<export function="randomstring" type="server"/>
	<export function="randomstring" type="client"/>
	<export function="centerWindow" type="client"/>
	<export function="isPlayerInRangeOfPoint" type="server"/>
	<export function="isPlayerInRangeOfPoint" type="client"/>
	<export function="smoothMoveCamera" type="client"/>
	<export function="createConfirmationWindow" type="client"/>
	<export function="RGBToHex" type="server"/>
	<export function="RGBToHex" type="client"/>
	<export function="getPlayerFromPartialName" type="server"/>
	<export function="getPlayerFromPartialName" type="client"/>
	
	<export function="createInputBox" type="client"/>

		
	<oop>true</oop>
</meta>
