<meta>	<min_mta_version server="1.5.3" client="1.5.3"/>	<include resource="UCDjobsTable"/>	<script src="jobs.lua" type="client"/>	<script src="f5.lua" type="client"/>	<script src="f5_s.lua" type="server"/>	<script src="server.lua" type="server"/>	<script src="employment_s.lua" type="server"/>	<script src="employment.lua" type="client"/>	<script src="occupation.lua" type="client"/>		<script src="exports_s.lua" type="server"/>	<script src="exports.lua" type="client"/>		<export function="setPlayerJob" type="server"/>	<export function="getPlayerJob" type="server"/>	<export function="isPlayerOnDuty" type="server"/>	<export function="getPlayerJobRank" type="server"/>	<export function="getPlayerJobData" type="server"/>		<oop>true</oop></meta>