<meta>
	<min_mta_version server="1.5.1"></min_mta_version>
    <info author="Noki" type="script" name="UCDgroups" />
	
	<script src="core.lua" type="server"/>
	<script src="client.lua" type="client"/>
	
	<script src="utils_c.lua" type="client"/>
	<script src="utils.lua" type="server"/>
	
	<export function="getPlayerGroup" type="server"/>
	<export function="getGroupFirstRank" type="server"/>
	<export function="getGroupLastRank" type="server"/>
	<export function="getPlayerGroupRank" type="server"/>
	<export function="getPlayerOnlineTime" type="server"/>
	<export function="getRankPermissions" type="server"/>
	<export function="getMembersWithRank" type="server"/>
	<export function="getAdvancedGroupMembers" type="server"/>
	<export function="getRankIndex" type="server"/>
	<export function="getRankFromIndex" type="server"/>
	<export function="getGroupRankAmount" type="server"/>
	<export function="getNextRank" type="server"/>
	<export function="getPreviousRank" type="server"/>
	<export function="canPlayerDoActionInGroup" type="server"/>
	<export function="getGroupMemberCount" type="server"/>
	<export function="isRankHigherThan" type="server"/>
	<export function="createGroupLog" type="server"/>
	<export function="setDefaultRanks" type="server"/>
	<export function="getGroupColour" type="server"/>
	<export function="messageGroup" type="server"/>
	<export function="getGroupOnlineMembers" type="server"/>
	<export function="allianceChat" type="server"/>
	<export function="groupChat" type="server"/>
	
	<oop>true</oop>
</meta>
