<meta>
	<script src="c_radar.lua" type="client" />
	<file src="radar.fx" type="client" />
	
	<file src="radar/00.jpg"/>
	<file src="radar/12.jpg"/>
	<file src="radar/24.jpg"/>
	<file src="radar/36.jpg"/>
	<file src="radar/48.jpg"/>
	<file src="radar/60.jpg"/>
	<file src="radar/72.jpg"/>
	<file src="radar/84.jpg"/>
	<file src="radar/96.jpg"/>
	<file src="radar/108.jpg"/>
	<file src="radar/120.jpg"/>
	<file src="radar/132.jpg"/>
	<file src="radar/01.jpg"/>
	<file src="radar/13.jpg"/>
	<file src="radar/25.jpg"/>
	<file src="radar/37.jpg"/>
	<file src="radar/49.jpg"/>
	<file src="radar/61.jpg"/>
	<file src="radar/73.jpg"/>
	<file src="radar/85.jpg"/>
	<file src="radar/97.jpg"/>
	<file src="radar/109.jpg"/>
	<file src="radar/121.jpg"/>
	<file src="radar/133.jpg"/>
	<file src="radar/02.jpg"/>
	<file src="radar/14.jpg"/>
	<file src="radar/26.jpg"/>
	<file src="radar/38.jpg"/>
	<file src="radar/50.jpg"/>
	<file src="radar/62.jpg"/>
	<file src="radar/74.jpg"/>
	<file src="radar/86.jpg"/>
	<file src="radar/98.jpg"/>
	<file src="radar/110.jpg"/>
	<file src="radar/122.jpg"/>
	<file src="radar/134.jpg"/>
	<file src="radar/03.jpg"/>
	<file src="radar/15.jpg"/>
	<file src="radar/27.jpg"/>
	<file src="radar/39.jpg"/>
	<file src="radar/51.jpg"/>
	<file src="radar/63.jpg"/>
	<file src="radar/75.jpg"/>
	<file src="radar/87.jpg"/>
	<file src="radar/99.jpg"/>
	<file src="radar/111.jpg"/>
	<file src="radar/123.jpg"/>
	<file src="radar/135.jpg"/>
	<file src="radar/04.jpg"/>
	<file src="radar/16.jpg"/>
	<file src="radar/28.jpg"/>
	<file src="radar/40.jpg"/>
	<file src="radar/52.jpg"/>
	<file src="radar/64.jpg"/>
	<file src="radar/76.jpg"/>
	<file src="radar/88.jpg"/>
	<file src="radar/100.jpg"/>
	<file src="radar/112.jpg"/>
	<file src="radar/124.jpg"/>
	<file src="radar/136.jpg"/>
	<file src="radar/05.jpg"/>
	<file src="radar/17.jpg"/>
	<file src="radar/29.jpg"/>
	<file src="radar/41.jpg"/>
	<file src="radar/53.jpg"/>
	<file src="radar/65.jpg"/>
	<file src="radar/77.jpg"/>
	<file src="radar/89.jpg"/>
	<file src="radar/101.jpg"/>
	<file src="radar/113.jpg"/>
	<file src="radar/125.jpg"/>
	<file src="radar/137.jpg"/>
	<file src="radar/06.jpg"/>
	<file src="radar/18.jpg"/>
	<file src="radar/30.jpg"/>
	<file src="radar/42.jpg"/>
	<file src="radar/54.jpg"/>
	<file src="radar/66.jpg"/>
	<file src="radar/78.jpg"/>
	<file src="radar/90.jpg"/>
	<file src="radar/102.jpg"/>
	<file src="radar/114.jpg"/>
	<file src="radar/126.jpg"/>
	<file src="radar/138.jpg"/>
	<file src="radar/07.jpg"/>
	<file src="radar/19.jpg"/>
	<file src="radar/31.jpg"/>
	<file src="radar/43.jpg"/>
	<file src="radar/55.jpg"/>
	<file src="radar/67.jpg"/>
	<file src="radar/79.jpg"/>
	<file src="radar/91.jpg"/>
	<file src="radar/103.jpg"/>
	<file src="radar/115.jpg"/>
	<file src="radar/127.jpg"/>
	<file src="radar/139.jpg"/>
	<file src="radar/08.jpg"/>
	<file src="radar/20.jpg"/>
	<file src="radar/32.jpg"/>
	<file src="radar/44.jpg"/>
	<file src="radar/56.jpg"/>
	<file src="radar/68.jpg"/>
	<file src="radar/80.jpg"/>
	<file src="radar/92.jpg"/>
	<file src="radar/104.jpg"/>
	<file src="radar/116.jpg"/>
	<file src="radar/128.jpg"/>
	<file src="radar/140.jpg"/>
	<file src="radar/09.jpg"/>
	<file src="radar/21.jpg"/>
	<file src="radar/33.jpg"/>
	<file src="radar/45.jpg"/>
	<file src="radar/57.jpg"/>
	<file src="radar/69.jpg"/>
	<file src="radar/81.jpg"/>
	<file src="radar/93.jpg"/>
	<file src="radar/105.jpg"/>
	<file src="radar/117.jpg"/>
	<file src="radar/129.jpg"/>
	<file src="radar/141.jpg"/>
	<file src="radar/10.jpg"/>
	<file src="radar/22.jpg"/>
	<file src="radar/34.jpg"/>
	<file src="radar/46.jpg"/>
	<file src="radar/58.jpg"/>
	<file src="radar/70.jpg"/>
	<file src="radar/82.jpg"/>
	<file src="radar/94.jpg"/>
	<file src="radar/106.jpg"/>
	<file src="radar/118.jpg"/>
	<file src="radar/130.jpg"/>
	<file src="radar/142.jpg"/>
	<file src="radar/11.jpg"/>
	<file src="radar/23.jpg"/>
	<file src="radar/35.jpg"/>
	<file src="radar/47.jpg"/>
	<file src="radar/59.jpg"/>
	<file src="radar/71.jpg"/>
	<file src="radar/83.jpg"/>
	<file src="radar/95.jpg"/>
	<file src="radar/107.jpg"/>
	<file src="radar/119.jpg"/>
	<file src="radar/131.jpg"/>
	<file src="radar/143.jpg"/>
</meta>
