<meta>	<min_mta_version server="1.5.2" client="1.5.2"/>
	<info author="Noki" description="Chat system" type="script" version="1" />	
	<script src="instantMessaging.lua" type="server"/>	<script src="instantMessaging_c.lua" type="client"/>	<script src="local.lua" type="server"/>	<script src="rolePlay.lua" type="server"/>	<script src="carchat.lua" type="server"/>	<script src="server.lua" type="server"/>	<script src="admin.lua" type="server"/>	<script src="ircpm.lua" type="server"/>	<script src="chatbubbles_client.lua" type="client"/>	<script src="chatbox_c.lua" type="client"/>	<script src="chatbox_s.lua" type="server"/>		<export function="instantMessage" type="server"/>	<!--><export function="getForeignLetters" type="server"/><!-->	<export function="insert" type="server"/>		<oop>true</oop></meta>