<meta>	<min_mta_version server="1.5.2" client="1.5.2"/>	<info author="Noki" version="1"/>		<!--	<file src="vehicles/hydra.dff"/>	<file src="vehicles/seaspar.dff"/>	<file src="vehicles/shamal.dff"/>	<file src="vehicles/infernus.dff"/>	<file src="vehicles/infernus.txd"/>		<file src="skins/staff.dff"/>	<file src="skins/staff.txd"/>	<file src="skins/66.dff"/>	<file src="skins/66.txd"/>	<file src="skins/275.txd"/>	<file src="skins/275.dff"/>		<file src="wheels/wheel_gn1.dff"/>	<file src="wheels/wheels.txd"/>	-->		<!--<file src="wheels/kolesa.txd"/>-->	<!--<file src="wheels/fm3_wheels.txd"/>-->		<!-- 		Yes;			gn2, lr1 (jamik); gn1, lr4,  (fm3)				Okay:			gn3, lr4, sr1, sr2 (jamik); gn4, lr1, sr1, sr2, sr6 (fm3)						Textures needed:			fm3:				wheel_shiny, advan, ad08_sidewall, te37, te37al, freio, volk_mag, fikse_pro, tiresim, tiresim_sidewall, hamman_editrace, dro_ds03,				roja_25r, roja_25ral, bbs_re, wed_sa97, wed_sa97al			jamik:				tyrewall_dirt_1, tirea0, wheel_lod0, 4, of4, 5zigen_zr520, hampg3, ccx_wheel_tm, ccx_tread_tm, rotorex, bridgestone, 				white01, bmw logo, kumho	-->	
	<script src="mods_s.lua" type="server"/>	<script src="mods.lua" type="client"/>	<oop>true</oop></meta>